-- 07.DDL 실습문제
-- 도서관리 프로그램을 만들기 위한 테이블들 만들기
-- 이때, 제약조건에 이름을 부여할 것.
--        각 컬럼에 주석달기

/*1. 출판사들에 대한 데이터를 담기위한 출판사 테이블(TB_PUBLISHER)
   컬럼  :  PUB_NO(출판사번호) NUMBER -- 기본키(PUBLISHER_PK) 
	PUB_NAME(출판사명) VARCHAR2(50) -- NOT NULL(PUBLISHER_NN)
	PHONE(출판사전화번호) VARCHAR2(13) - 제약조건 없음

   - 3개 정도의 샘플 데이터 추가하기*/

CREATE TABLE TB_PUBLISHER (
  PUB_NO NUMBER PRIMARY KEY,
  PUB_NAME VARCHAR2(50) NOT NULL,
  PHONE VARCHAR2(13),
  CONSTRAINT PUBLISHER_PK PRIMARY KEY (PUB_NO),
  CONSTRAINT PUBLISHER_NN CHECK (PUB_NAME IS NOT NULL)
);

-- 샘플 데이터 추가
INSERT INTO TB_PUBLISHER (PUB_NO, PUB_NAME, PHONE) VALUES (1, '출판사1', '010-1234-5678');
INSERT INTO TB_PUBLISHER (PUB_NO, PUB_NAME, PHONE) VALUES (2, '출판사2', '02-9876-5432');
INSERT INTO TB_PUBLISHER (PUB_NO, PUB_NAME, PHONE) VALUES (3, '출판사3', NULL);


/*2. 도서들에 대한 데이터를 담기위한 도서 테이블(TB_BOOK)
   컬럼  :  BK_NO (도서번호) NUMBER -- 기본키(BOOK_PK)
	BK_TITLE (도서명) VARCHAR2(50) -- NOT NULL(BOOK_NN_TITLE)
	BK_AUTHOR(저자명) VARCHAR2(20) -- NOT NULL(BOOK_NN_AUTHOR)
	BK_PRICE(가격) NUMBER
	BK_PUB_NO(출판사번호) NUMBER -- 외래키(BOOK_FK) (TB_PUBLISHER 테이블을 참조하도록)
			         이때 참조하고 있는 부모데이터 삭제 시 자식 데이터도 삭제 되도록 옵션 지정
   - 5개 정도의 샘플 데이터 추가하기*/
   
CREATE TABLE TB_BOOK (
    BK_NO NUMBER PRIMARY KEY,
    BK_TITLE VARCHAR2(50) NOT NULL,
    BK_AUTHOR VARCHAR2(20) NOT NULL,
    BK_PRICE NUMBER,
    BK_PUB_NO NUMBER,
    CONSTRAINT BOOK_PK PRIMARY KEY (BK_NO),
    CONSTRAINT BOOK_NN_TITLE CHECK (BK_TITLE IS NOT NULL),
    CONSTRAINT BOOK_NN_AUTHOR CHECK (BK_AUTHOR IS NOT NULL),
    CONSTRAINT BOOK_FK FOREIGN KEY (BK_PUB_NO) REFERENCES TB_PUBLISHER (PUB_NO) ON DELETE CASCADE
);

-- 샘플 데이터 추가
INSERT INTO TB_BOOK (BK_NO, BK_TITLE, BK_AUTHOR, BK_PRICE, BK_PUB_NO) VALUES (101, '도서1', '저자1', 20000, 1);
INSERT INTO TB_BOOK (BK_NO, BK_TITLE, BK_AUTHOR, BK_PRICE, BK_PUB_NO) VALUES (102, '도서2', '저자2', 25000, 2);
INSERT INTO TB_BOOK (BK_NO, BK_TITLE, BK_AUTHOR, BK_PRICE, BK_PUB_NO) VALUES (103, '도서3', '저자3', 18000, 1);
INSERT INTO TB_BOOK (BK_NO, BK_TITLE, BK_AUTHOR, BK_PRICE, BK_PUB_NO) VALUES (104, '도서4', '저자4', 30000, 3);
INSERT INTO TB_BOOK (BK_NO, BK_TITLE, BK_AUTHOR, BK_PRICE, BK_PUB_NO) VALUES (105, '도서5', '저자5', 22000, 2);




/*3. 회원에 대한 데이터를 담기위한 회원 테이블 (TB_MEMBER)
   컬럼명 : MEMBER_NO(회원번호) NUMBER -- 기본키(MEMBER_PK)
   MEMBER_ID(아이디) VARCHAR2(30) -- 중복금지(MEMBER_UQ)
   MEMBER_PWD(비밀번호)  VARCHAR2(30) -- NOT NULL(MEMBER_NN_PWD)
   MEMBER_NAME(회원명) VARCHAR2(20) -- NOT NULL(MEMBER_NN_NAME)
   GENDER(성별)  CHAR(1)-- 'M' 또는 'F'로 입력되도록 제한(MEMBER_CK_GEN)
   ADDRESS(주소) VARCHAR2(70)
   PHONE(연락처) VARCHAR2(13)
   STATUS(탈퇴여부) CHAR(1) - 기본값으로 'N' 으로 지정, 그리고 'Y' 혹은 'N'으로만 입력되도록 제약조건(MEMBER_CK_STA)
   ENROLL_DATE(가입일) DATE -- 기본값으로 SYSDATE, NOT NULL 제약조건(MEMBER_NN_EN)

   - 5개 정도의 샘플 데이터 추가하기*/

CREATE TABLE TB_MEMBER (
    MEMBER_NO NUMBER PRIMARY KEY,
    MEMBER_ID VARCHAR2(30) UNIQUE,
    MEMBER_PWD VARCHAR2(30) NOT NULL,
    MEMBER_NAME VARCHAR2(20) NOT NULL,
    GENDER CHAR(1) CHECK (GENDER IN ('M', 'F')),
    ADDRESS VARCHAR2(70),
    PHONE VARCHAR2(13),
    STATUS CHAR(1) DEFAULT 'N' CHECK (STATUS IN ('Y', 'N')),
    ENROLL_DATE DATE DEFAULT SYSDATE NOT NULL,
    CONSTRAINT MEMBER_PK PRIMARY KEY (MEMBER_NO),
    CONSTRAINT MEMBER_UQ UNIQUE (MEMBER_ID)
);

-- 샘플 데이터 추가
INSERT INTO TB_MEMBER (MEMBER_NO, MEMBER_ID, MEMBER_PWD, MEMBER_NAME, GENDER, ADDRESS, PHONE, STATUS, ENROLL_DATE) 
VALUES (201, 'user1', 'password1', '사용자1', 'M', '서울시 강남구', '010-1111-2222', 'N', SYSDATE);
INSERT INTO TB_MEMBER (MEMBER_NO, MEMBER_ID, MEMBER_PWD, MEMBER_NAME, GENDER, ADDRESS, PHONE, STATUS, ENROLL_DATE) 
VALUES (202, 'user2', 'password2', '사용자2', 'F', '서울시 종로구', '010-3333-4444', 'N', SYSDATE);
INSERT INTO TB_MEMBER (MEMBER_NO, MEMBER_ID, MEMBER_PWD, MEMBER_NAME, GENDER, ADDRESS, PHONE, STATUS, ENROLL_DATE) 
VALUES (203, 'user3', 'password3', '사용자3', 'M', '인천시 부평구', '010-5555-6666', 'N', SYSDATE);
INSERT INTO TB_MEMBER (MEMBER_NO, MEMBER_ID, MEMBER_PWD, MEMBER_NAME, GENDER, ADDRESS, PHONE, STATUS, ENROLL_DATE) 
VALUES (204, 'user4', 'password4', '사용자4', 'F', '대전시 서구', '010-7777-8888', 'N', SYSDATE);
INSERT INTO TB_MEMBER (MEMBER_NO, MEMBER_ID, MEMBER_PWD, MEMBER_NAME, GENDER, ADDRESS, PHONE, STATUS, ENROLL_DATE) 
VALUES (205, 'user5', 'password5', '사용자5', 'M', '광주시 남구', '010-9999-0000', 'N', SYSDATE);
   
   


/*4. 어떤 회원이 어떤 도서를 대여했는지에 대한 대여목록 테이블(TB_RENT)
   컬럼  :  RENT_NO(대여번호) NUMBER -- 기본키(RENT_PK)
	RENT_MEM_NO(대여회원번호) NUMBER -- 외래키(RENT_FK_MEM) TB_MEMBER와 참조하도록
			이때 부모 데이터 삭제시 자식 데이터 값이 NULL이 되도록 옵션 설정
	RENT_BOOK_NO(대여도서번호) NUMBER -- 외래키(RENT_FK_BOOK) TB_BOOK와 참조하도록
			이때 부모 데이터 삭제시 자식 데이터 값이 NULL값이 되도록 옵션 설정
	RENT_DATE(대여일) DATE -- 기본값 SYSDATE

   - 3개 정도 샘플데이터 추가하기*/
   
CREATE TABLE TB_RENT (
    RENT_NO NUMBER PRIMARY KEY,
    RENT_MEM_NO NUMBER,
    RENT_BOOK_NO NUMBER,
    RENT_DATE DATE DEFAULT SYSDATE,
    CONSTRAINT RENT_PK PRIMARY KEY (RENT_NO),
    CONSTRAINT RENT_FK_MEM FOREIGN KEY (RENT_MEM_NO) REFERENCES TB_MEMBER (MEMBER_NO) ON DELETE SET NULL,
    CONSTRAINT RENT_FK_BOOK FOREIGN KEY (RENT_BOOK_NO) REFERENCES TB_BOOK (BK_NO) ON DELETE SET NULL
);

-- 샘플 데이터 추가
INSERT INTO TB_RENT (RENT_NO, RENT_MEM_NO, RENT_BOOK_NO, RENT_DATE) VALUES (301, 201, 101, SYSDATE);
INSERT INTO TB_RENT (RENT_NO, RENT_MEM_NO, RENT_BOOK_NO, RENT_DATE) VALUES (302, 202, 103, SYSDATE);
INSERT INTO TB_RENT (RENT_NO, RENT_MEM_NO, RENT_BOOK_NO, RENT_DATE) VALUES (303, 203, 105, SYSDATE);
